admin_area_1,admin_area_2,admin_area_3,admin_area_4,year,population_type,count
Federal Ministry Of Health,Addis Ababa City Administration,Addis Ketema Sub City,,2020,total_population,131802
Federal Ministry Of Health,Addis Ababa City Administration,Addis Ketema Sub City,,2021,total_population,131802
Federal Ministry Of Health,Addis Ababa City Administration,Addis Ketema Sub City,,2022,total_population,131802
Federal Ministry Of Health,Addis Ababa City Administration,Addis Ketema Sub City,,2023,total_population,131802
Federal Ministry Of Health,Addis Ababa City Administration,Addis Ketema Sub City,,2024,total_population,131802
Federal Ministry Of Health,Addis Ababa City Administration,Akaki Kality Sub City,,2020,total_population,93311
Federal Ministry Of Health,Addis Ababa City Administration,Akaki Kality Sub City,,2021,total_population,93311
Federal Ministry Of Health,Addis Ababa City Administration,Akaki Kality Sub City,,2022,total_population,93311
Federal Ministry Of Health,Addis Ababa City Administration,Akaki Kality Sub City,,2023,total_population,93311
Federal Ministry Of Health,Addis Ababa City Administration,Akaki Kality Sub City,,2024,total_population,93311
Federal Ministry Of Health,Addis Ababa City Administration,Arada Sub City,,2020,total_population,95882
Federal Ministry Of Health,Addis Ababa City Administration,Arada Sub City,,2021,total_population,95882
Federal Ministry Of Health,Addis Ababa City Administration,Arada Sub City,,2022,total_population,95882
Federal Ministry Of Health,Addis Ababa City Administration,Arada Sub City,,2023,total_population,95882
Federal Ministry Of Health,Addis Ababa City Administration,Arada Sub City,,2024,total_population,95882
Federal Ministry Of Health,Addis Ababa City Administration,Bole Sub City,,2020,total_population,103192
Federal Ministry Of Health,Addis Ababa City Administration,Bole Sub City,,2021,total_population,103192
Federal Ministry Of Health,Addis Ababa City Administration,Bole Sub City,,2022,total_population,103192
Federal Ministry Of Health,Addis Ababa City Administration,Bole Sub City,,2023,total_population,103192
Federal Ministry Of Health,Addis Ababa City Administration,Bole Sub City,,2024,total_population,103192
Federal Ministry Of Health,Addis Ababa City Administration,FACILITY AT HIGHER LEVEL,,2020,total_population,228804
Federal Ministry Of Health,Addis Ababa City Administration,FACILITY AT HIGHER LEVEL,,2021,total_population,228804
Federal Ministry Of Health,Addis Ababa City Administration,FACILITY AT HIGHER LEVEL,,2022,total_population,228804
Federal Ministry Of Health,Addis Ababa City Administration,FACILITY AT HIGHER LEVEL,,2023,total_population,228804
Federal Ministry Of Health,Addis Ababa City Administration,FACILITY AT HIGHER LEVEL,,2024,total_population,228804
Federal Ministry Of Health,Addis Ababa City Administration,Gulele Sub City,,2020,total_population,489087
Federal Ministry Of Health,Addis Ababa City Administration,Gulele Sub City,,2021,total_population,489087
Federal Ministry Of Health,Addis Ababa City Administration,Gulele Sub City,,2022,total_population,489087
Federal Ministry Of Health,Addis Ababa City Administration,Gulele Sub City,,2023,total_population,489087
Federal Ministry Of Health,Addis Ababa City Administration,Gulele Sub City,,2024,total_population,489087
Federal Ministry Of Health,Addis Ababa City Administration,Kirkos Sub City,,2020,total_population,290306
Federal Ministry Of Health,Addis Ababa City Administration,Kirkos Sub City,,2021,total_population,290306
Federal Ministry Of Health,Addis Ababa City Administration,Kirkos Sub City,,2022,total_population,290306
Federal Ministry Of Health,Addis Ababa City Administration,Kirkos Sub City,,2023,total_population,290306
Federal Ministry Of Health,Addis Ababa City Administration,Kirkos Sub City,,2024,total_population,290306
Federal Ministry Of Health,Addis Ababa City Administration,Kolfe Subcity,,2020,total_population,341520
Federal Ministry Of Health,Addis Ababa City Administration,Kolfe Subcity,,2021,total_population,341520
Federal Ministry Of Health,Addis Ababa City Administration,Kolfe Subcity,,2022,total_population,341520
Federal Ministry Of Health,Addis Ababa City Administration,Kolfe Subcity,,2023,total_population,341520
Federal Ministry Of Health,Addis Ababa City Administration,Kolfe Subcity,,2024,total_population,341520
Federal Ministry Of Health,Addis Ababa City Administration,Lemi Kura Sub City,,2020,total_population,272030
Federal Ministry Of Health,Addis Ababa City Administration,Lemi Kura Sub City,,2021,total_population,272030
Federal Ministry Of Health,Addis Ababa City Administration,Lemi Kura Sub City,,2022,total_population,272030
Federal Ministry Of Health,Addis Ababa City Administration,Lemi Kura Sub City,,2023,total_population,272030
Federal Ministry Of Health,Addis Ababa City Administration,Lemi Kura Sub City,,2024,total_population,272030
Federal Ministry Of Health,Addis Ababa City Administration,Lideta Sub City,,2020,total_population,494468
Federal Ministry Of Health,Addis Ababa City Administration,Lideta Sub City,,2021,total_population,494468
Federal Ministry Of Health,Addis Ababa City Administration,Lideta Sub City,,2022,total_population,494468
Federal Ministry Of Health,Addis Ababa City Administration,Lideta Sub City,,2023,total_population,494468
Federal Ministry Of Health,Addis Ababa City Administration,Lideta Sub City,,2024,total_population,494468
Federal Ministry Of Health,Addis Ababa City Administration,Nifas Silk Lafto Sub City,,2020,total_population,132486
Federal Ministry Of Health,Addis Ababa City Administration,Nifas Silk Lafto Sub City,,2021,total_population,132486
Federal Ministry Of Health,Addis Ababa City Administration,Nifas Silk Lafto Sub City,,2022,total_population,132486
Federal Ministry Of Health,Addis Ababa City Administration,Nifas Silk Lafto Sub City,,2023,total_population,132486
Federal Ministry Of Health,Addis Ababa City Administration,Nifas Silk Lafto Sub City,,2024,total_population,132486
Federal Ministry Of Health,Addis Ababa City Administration,Yeka Sub City,,2020,total_population,212833
Federal Ministry Of Health,Addis Ababa City Administration,Yeka Sub City,,2021,total_population,212833
Federal Ministry Of Health,Addis Ababa City Administration,Yeka Sub City,,2022,total_population,212833
Federal Ministry Of Health,Addis Ababa City Administration,Yeka Sub City,,2023,total_population,212833
Federal Ministry Of Health,Addis Ababa City Administration,Yeka Sub City,,2024,total_population,212833
Federal Ministry Of Health,Afar Region,FACILITY AT HIGHER LEVEL,,2020,total_population,141627
Federal Ministry Of Health,Afar Region,FACILITY AT HIGHER LEVEL,,2021,total_population,141627
Federal Ministry Of Health,Afar Region,FACILITY AT HIGHER LEVEL,,2022,total_population,141627
Federal Ministry Of Health,Afar Region,FACILITY AT HIGHER LEVEL,,2023,total_population,141627
Federal Ministry Of Health,Afar Region,FACILITY AT HIGHER LEVEL,,2024,total_population,141627
Federal Ministry Of Health,Afar Region,Zone 1 Zone,,2020,total_population,334907
Federal Ministry Of Health,Afar Region,Zone 1 Zone,,2021,total_population,334907
Federal Ministry Of Health,Afar Region,Zone 1 Zone,,2022,total_population,334907
Federal Ministry Of Health,Afar Region,Zone 1 Zone,,2023,total_population,334907
Federal Ministry Of Health,Afar Region,Zone 1 Zone,,2024,total_population,334907
Federal Ministry Of Health,Afar Region,Zone 2 Zone,,2020,total_population,278456
Federal Ministry Of Health,Afar Region,Zone 2 Zone,,2021,total_population,278456
Federal Ministry Of Health,Afar Region,Zone 2 Zone,,2022,total_population,278456
Federal Ministry Of Health,Afar Region,Zone 2 Zone,,2023,total_population,278456
Federal Ministry Of Health,Afar Region,Zone 2 Zone,,2024,total_population,278456
Federal Ministry Of Health,Afar Region,Zone 3 Zone,,2020,total_population,270295
Federal Ministry Of Health,Afar Region,Zone 3 Zone,,2021,total_population,270295
Federal Ministry Of Health,Afar Region,Zone 3 Zone,,2022,total_population,270295
Federal Ministry Of Health,Afar Region,Zone 3 Zone,,2023,total_population,270295
Federal Ministry Of Health,Afar Region,Zone 3 Zone,,2024,total_population,270295
Federal Ministry Of Health,Afar Region,Zone 4 Zone,,2020,total_population,209475
Federal Ministry Of Health,Afar Region,Zone 4 Zone,,2021,total_population,209475
Federal Ministry Of Health,Afar Region,Zone 4 Zone,,2022,total_population,209475
Federal Ministry Of Health,Afar Region,Zone 4 Zone,,2023,total_population,209475
Federal Ministry Of Health,Afar Region,Zone 4 Zone,,2024,total_population,209475
Federal Ministry Of Health,Afar Region,Zone 5 Zone,,2020,total_population,194542
Federal Ministry Of Health,Afar Region,Zone 5 Zone,,2021,total_population,194542
Federal Ministry Of Health,Afar Region,Zone 5 Zone,,2022,total_population,194542
Federal Ministry Of Health,Afar Region,Zone 5 Zone,,2023,total_population,194542
Federal Ministry Of Health,Afar Region,Zone 5 Zone,,2024,total_population,194542
Federal Ministry Of Health,Afar Region,Zone 6 Zone,,2020,total_population,467911
Federal Ministry Of Health,Afar Region,Zone 6 Zone,,2021,total_population,467911
Federal Ministry Of Health,Afar Region,Zone 6 Zone,,2022,total_population,467911
Federal Ministry Of Health,Afar Region,Zone 6 Zone,,2023,total_population,467911
Federal Ministry Of Health,Afar Region,Zone 6 Zone,,2024,total_population,467911
Federal Ministry Of Health,Amhara Region,Awi Zone,,2020,total_population,322573
Federal Ministry Of Health,Amhara Region,Awi Zone,,2021,total_population,322573
Federal Ministry Of Health,Amhara Region,Awi Zone,,2022,total_population,322573
Federal Ministry Of Health,Amhara Region,Awi Zone,,2023,total_population,322573
Federal Ministry Of Health,Amhara Region,Awi Zone,,2024,total_population,322573
Federal Ministry Of Health,Amhara Region,Bahir Dar Town,,2020,total_population,107970
Federal Ministry Of Health,Amhara Region,Bahir Dar Town,,2021,total_population,107970
Federal Ministry Of Health,Amhara Region,Bahir Dar Town,,2022,total_population,107970
Federal Ministry Of Health,Amhara Region,Bahir Dar Town,,2023,total_population,107970
Federal Ministry Of Health,Amhara Region,Bahir Dar Town,,2024,total_population,107970
Federal Ministry Of Health,Amhara Region,Central Gondar Zone,,2020,total_population,265405
Federal Ministry Of Health,Amhara Region,Central Gondar Zone,,2021,total_population,265405
Federal Ministry Of Health,Amhara Region,Central Gondar Zone,,2022,total_population,265405
Federal Ministry Of Health,Amhara Region,Central Gondar Zone,,2023,total_population,265405
Federal Ministry Of Health,Amhara Region,Central Gondar Zone,,2024,total_population,265405
Federal Ministry Of Health,Amhara Region,Debrebirhan Town,,2020,total_population,83010
Federal Ministry Of Health,Amhara Region,Debrebirhan Town,,2021,total_population,83010
Federal Ministry Of Health,Amhara Region,Debrebirhan Town,,2022,total_population,83010
Federal Ministry Of Health,Amhara Region,Debrebirhan Town,,2023,total_population,83010
Federal Ministry Of Health,Amhara Region,Debrebirhan Town,,2024,total_population,83010
Federal Ministry Of Health,Amhara Region,Debremarkos Town,,2020,total_population,122323
Federal Ministry Of Health,Amhara Region,Debremarkos Town,,2021,total_population,122323
Federal Ministry Of Health,Amhara Region,Debremarkos Town,,2022,total_population,122323
Federal Ministry Of Health,Amhara Region,Debremarkos Town,,2023,total_population,122323
Federal Ministry Of Health,Amhara Region,Debremarkos Town,,2024,total_population,122323
Federal Ministry Of Health,Amhara Region,Debretabor Town,,2020,total_population,343542
Federal Ministry Of Health,Amhara Region,Debretabor Town,,2021,total_population,343542
Federal Ministry Of Health,Amhara Region,Debretabor Town,,2022,total_population,343542
Federal Ministry Of Health,Amhara Region,Debretabor Town,,2023,total_population,343542
Federal Ministry Of Health,Amhara Region,Debretabor Town,,2024,total_population,343542
Federal Ministry Of Health,Amhara Region,Dessie Town Zone,,2020,total_population,453559
Federal Ministry Of Health,Amhara Region,Dessie Town Zone,,2021,total_population,453559
Federal Ministry Of Health,Amhara Region,Dessie Town Zone,,2022,total_population,453559
Federal Ministry Of Health,Amhara Region,Dessie Town Zone,,2023,total_population,453559
Federal Ministry Of Health,Amhara Region,Dessie Town Zone,,2024,total_population,453559
Federal Ministry Of Health,Amhara Region,East Gojjam Zone,,2020,total_population,51992
Federal Ministry Of Health,Amhara Region,East Gojjam Zone,,2021,total_population,51992
Federal Ministry Of Health,Amhara Region,East Gojjam Zone,,2022,total_population,51992
Federal Ministry Of Health,Amhara Region,East Gojjam Zone,,2023,total_population,51992
Federal Ministry Of Health,Amhara Region,East Gojjam Zone,,2024,total_population,51992
Federal Ministry Of Health,Amhara Region,Gondar Town,,2020,total_population,418983
Federal Ministry Of Health,Amhara Region,Gondar Town,,2021,total_population,418983
Federal Ministry Of Health,Amhara Region,Gondar Town,,2022,total_population,418983
Federal Ministry Of Health,Amhara Region,Gondar Town,,2023,total_population,418983
Federal Ministry Of Health,Amhara Region,Gondar Town,,2024,total_population,418983
Federal Ministry Of Health,Amhara Region,Kombolcha Town,,2020,total_population,249665
Federal Ministry Of Health,Amhara Region,Kombolcha Town,,2021,total_population,249665
Federal Ministry Of Health,Amhara Region,Kombolcha Town,,2022,total_population,249665
Federal Ministry Of Health,Amhara Region,Kombolcha Town,,2023,total_population,249665
Federal Ministry Of Health,Amhara Region,Kombolcha Town,,2024,total_population,249665
Federal Ministry Of Health,Amhara Region,North Gojjam zone,,2020,total_population,246745
Federal Ministry Of Health,Amhara Region,North Gojjam zone,,2021,total_population,246745
Federal Ministry Of Health,Amhara Region,North Gojjam zone,,2022,total_population,246745
Federal Ministry Of Health,Amhara Region,North Gojjam zone,,2023,total_population,246745
Federal Ministry Of Health,Amhara Region,North Gojjam zone,,2024,total_population,246745
Federal Ministry Of Health,Amhara Region,North Gondar Zone,,2020,total_population,124900
Federal Ministry Of Health,Amhara Region,North Gondar Zone,,2021,total_population,124900
Federal Ministry Of Health,Amhara Region,North Gondar Zone,,2022,total_population,124900
Federal Ministry Of Health,Amhara Region,North Gondar Zone,,2023,total_population,124900
Federal Ministry Of Health,Amhara Region,North Gondar Zone,,2024,total_population,124900
Federal Ministry Of Health,Amhara Region,North Shewa Zone,,2020,total_population,100471
Federal Ministry Of Health,Amhara Region,North Shewa Zone,,2021,total_population,100471
Federal Ministry Of Health,Amhara Region,North Shewa Zone,,2022,total_population,100471
Federal Ministry Of Health,Amhara Region,North Shewa Zone,,2023,total_population,100471
Federal Ministry Of Health,Amhara Region,North Shewa Zone,,2024,total_population,100471
Federal Ministry Of Health,Amhara Region,North Wollo Zone,,2020,total_population,205810
Federal Ministry Of Health,Amhara Region,North Wollo Zone,,2021,total_population,205810
Federal Ministry Of Health,Amhara Region,North Wollo Zone,,2022,total_population,205810
Federal Ministry Of Health,Amhara Region,North Wollo Zone,,2023,total_population,205810
Federal Ministry Of Health,Amhara Region,North Wollo Zone,,2024,total_population,205810
Federal Ministry Of Health,Amhara Region,Oromia Special Zone,,2020,total_population,327668
Federal Ministry Of Health,Amhara Region,Oromia Special Zone,,2021,total_population,327668
Federal Ministry Of Health,Amhara Region,Oromia Special Zone,,2022,total_population,327668
Federal Ministry Of Health,Amhara Region,Oromia Special Zone,,2023,total_population,327668
Federal Ministry Of Health,Amhara Region,Oromia Special Zone,,2024,total_population,327668
Federal Ministry Of Health,Amhara Region,South Gondar Zone,,2020,total_population,330909
Federal Ministry Of Health,Amhara Region,South Gondar Zone,,2021,total_population,330909
Federal Ministry Of Health,Amhara Region,South Gondar Zone,,2022,total_population,330909
Federal Ministry Of Health,Amhara Region,South Gondar Zone,,2023,total_population,330909
Federal Ministry Of Health,Amhara Region,South Gondar Zone,,2024,total_population,330909
Federal Ministry Of Health,Amhara Region,South Wollo Zone,,2020,total_population,175554
Federal Ministry Of Health,Amhara Region,South Wollo Zone,,2021,total_population,175554
Federal Ministry Of Health,Amhara Region,South Wollo Zone,,2022,total_population,175554
Federal Ministry Of Health,Amhara Region,South Wollo Zone,,2023,total_population,175554
Federal Ministry Of Health,Amhara Region,South Wollo Zone,,2024,total_population,175554
Federal Ministry Of Health,Amhara Region,Waghimera Zone,,2020,total_population,127611
Federal Ministry Of Health,Amhara Region,Waghimera Zone,,2021,total_population,127611
Federal Ministry Of Health,Amhara Region,Waghimera Zone,,2022,total_population,127611
Federal Ministry Of Health,Amhara Region,Waghimera Zone,,2023,total_population,127611
Federal Ministry Of Health,Amhara Region,Waghimera Zone,,2024,total_population,127611
Federal Ministry Of Health,Amhara Region,West Gojjam Zone,,2020,total_population,334253
Federal Ministry Of Health,Amhara Region,West Gojjam Zone,,2021,total_population,334253
Federal Ministry Of Health,Amhara Region,West Gojjam Zone,,2022,total_population,334253
Federal Ministry Of Health,Amhara Region,West Gojjam Zone,,2023,total_population,334253
Federal Ministry Of Health,Amhara Region,West Gojjam Zone,,2024,total_population,334253
Federal Ministry Of Health,Amhara Region,West Gondar Zone,,2020,total_population,78095
Federal Ministry Of Health,Amhara Region,West Gondar Zone,,2021,total_population,78095
Federal Ministry Of Health,Amhara Region,West Gondar Zone,,2022,total_population,78095
Federal Ministry Of Health,Amhara Region,West Gondar Zone,,2023,total_population,78095
Federal Ministry Of Health,Amhara Region,West Gondar Zone,,2024,total_population,78095
Federal Ministry Of Health,Amhara Region,Woldia Town,,2020,total_population,393965
Federal Ministry Of Health,Amhara Region,Woldia Town,,2021,total_population,393965
Federal Ministry Of Health,Amhara Region,Woldia Town,,2022,total_population,393965
Federal Ministry Of Health,Amhara Region,Woldia Town,,2023,total_population,393965
Federal Ministry Of Health,Amhara Region,Woldia Town,,2024,total_population,393965
Federal Ministry Of Health,Benishangul Gumuz Region,Assosa Town,,2020,total_population,298446
Federal Ministry Of Health,Benishangul Gumuz Region,Assosa Town,,2021,total_population,298446
Federal Ministry Of Health,Benishangul Gumuz Region,Assosa Town,,2022,total_population,298446
Federal Ministry Of Health,Benishangul Gumuz Region,Assosa Town,,2023,total_population,298446
Federal Ministry Of Health,Benishangul Gumuz Region,Assosa Town,,2024,total_population,298446
Federal Ministry Of Health,Benishangul Gumuz Region,Assosa Zone,,2020,total_population,299202
Federal Ministry Of Health,Benishangul Gumuz Region,Assosa Zone,,2021,total_population,299202
Federal Ministry Of Health,Benishangul Gumuz Region,Assosa Zone,,2022,total_population,299202
Federal Ministry Of Health,Benishangul Gumuz Region,Assosa Zone,,2023,total_population,299202
Federal Ministry Of Health,Benishangul Gumuz Region,Assosa Zone,,2024,total_population,299202
Federal Ministry Of Health,Benishangul Gumuz Region,FACILITY AT HIGHER LEVEL,,2020,total_population,53813
Federal Ministry Of Health,Benishangul Gumuz Region,FACILITY AT HIGHER LEVEL,,2021,total_population,53813
Federal Ministry Of Health,Benishangul Gumuz Region,FACILITY AT HIGHER LEVEL,,2022,total_population,53813
Federal Ministry Of Health,Benishangul Gumuz Region,FACILITY AT HIGHER LEVEL,,2023,total_population,53813
Federal Ministry Of Health,Benishangul Gumuz Region,FACILITY AT HIGHER LEVEL,,2024,total_population,53813
Federal Ministry Of Health,Benishangul Gumuz Region,Kamashi Zone,,2020,total_population,219106
Federal Ministry Of Health,Benishangul Gumuz Region,Kamashi Zone,,2021,total_population,219106
Federal Ministry Of Health,Benishangul Gumuz Region,Kamashi Zone,,2022,total_population,219106
Federal Ministry Of Health,Benishangul Gumuz Region,Kamashi Zone,,2023,total_population,219106
Federal Ministry Of Health,Benishangul Gumuz Region,Kamashi Zone,,2024,total_population,219106
Federal Ministry Of Health,Benishangul Gumuz Region,Mao Komo Zone,,2020,total_population,288410
Federal Ministry Of Health,Benishangul Gumuz Region,Mao Komo Zone,,2021,total_population,288410
Federal Ministry Of Health,Benishangul Gumuz Region,Mao Komo Zone,,2022,total_population,288410
Federal Ministry Of Health,Benishangul Gumuz Region,Mao Komo Zone,,2023,total_population,288410
Federal Ministry Of Health,Benishangul Gumuz Region,Mao Komo Zone,,2024,total_population,288410
Federal Ministry Of Health,Benishangul Gumuz Region,Metekel Zone,,2020,total_population,94495
Federal Ministry Of Health,Benishangul Gumuz Region,Metekel Zone,,2021,total_population,94495
Federal Ministry Of Health,Benishangul Gumuz Region,Metekel Zone,,2022,total_population,94495
Federal Ministry Of Health,Benishangul Gumuz Region,Metekel Zone,,2023,total_population,94495
Federal Ministry Of Health,Benishangul Gumuz Region,Metekel Zone,,2024,total_population,94495
Federal Ministry Of Health,Central Ethiopian region,East Gurage Zone,,2020,total_population,218239
Federal Ministry Of Health,Central Ethiopian region,East Gurage Zone,,2021,total_population,218239
Federal Ministry Of Health,Central Ethiopian region,East Gurage Zone,,2022,total_population,218239
Federal Ministry Of Health,Central Ethiopian region,East Gurage Zone,,2023,total_population,218239
Federal Ministry Of Health,Central Ethiopian region,East Gurage Zone,,2024,total_population,218239
Federal Ministry Of Health,Central Ethiopian region,Gurage Zone Health department,,2020,total_population,130326
Federal Ministry Of Health,Central Ethiopian region,Gurage Zone Health department,,2021,total_population,130326
Federal Ministry Of Health,Central Ethiopian region,Gurage Zone Health department,,2022,total_population,130326
Federal Ministry Of Health,Central Ethiopian region,Gurage Zone Health department,,2023,total_population,130326
Federal Ministry Of Health,Central Ethiopian region,Gurage Zone Health department,,2024,total_population,130326
Federal Ministry Of Health,Central Ethiopian region,Hadiya Zone Health department,,2020,total_population,215806
Federal Ministry Of Health,Central Ethiopian region,Hadiya Zone Health department,,2021,total_population,215806
Federal Ministry Of Health,Central Ethiopian region,Hadiya Zone Health department,,2022,total_population,215806
Federal Ministry Of Health,Central Ethiopian region,Hadiya Zone Health department,,2023,total_population,215806
Federal Ministry Of Health,Central Ethiopian region,Hadiya Zone Health department,,2024,total_population,215806
Federal Ministry Of Health,Central Ethiopian region,Halaba,,2020,total_population,368949
Federal Ministry Of Health,Central Ethiopian region,Halaba,,2021,total_population,368949
Federal Ministry Of Health,Central Ethiopian region,Halaba,,2022,total_population,368949
Federal Ministry Of Health,Central Ethiopian region,Halaba,,2023,total_population,368949
Federal Ministry Of Health,Central Ethiopian region,Halaba,,2024,total_population,368949
Federal Ministry Of Health,Central Ethiopian region,Kebena Special,,2020,total_population,86203
Federal Ministry Of Health,Central Ethiopian region,Kebena Special,,2021,total_population,86203
Federal Ministry Of Health,Central Ethiopian region,Kebena Special,,2022,total_population,86203
Federal Ministry Of Health,Central Ethiopian region,Kebena Special,,2023,total_population,86203
Federal Ministry Of Health,Central Ethiopian region,Kebena Special,,2024,total_population,86203
Federal Ministry Of Health,Central Ethiopian region,Kembata,,2020,total_population,141972
Federal Ministry Of Health,Central Ethiopian region,Kembata,,2021,total_population,141972
Federal Ministry Of Health,Central Ethiopian region,Kembata,,2022,total_population,141972
Federal Ministry Of Health,Central Ethiopian region,Kembata,,2023,total_population,141972
Federal Ministry Of Health,Central Ethiopian region,Kembata,,2024,total_population,141972
Federal Ministry Of Health,Central Ethiopian region,Mareko Special,,2020,total_population,415334
Federal Ministry Of Health,Central Ethiopian region,Mareko Special,,2021,total_population,415334
Federal Ministry Of Health,Central Ethiopian region,Mareko Special,,2022,total_population,415334
Federal Ministry Of Health,Central Ethiopian region,Mareko Special,,2023,total_population,415334
Federal Ministry Of Health,Central Ethiopian region,Mareko Special,,2024,total_population,415334
Federal Ministry Of Health,Central Ethiopian region,Silte,,2020,total_population,175071
Federal Ministry Of Health,Central Ethiopian region,Silte,,2021,total_population,175071
Federal Ministry Of Health,Central Ethiopian region,Silte,,2022,total_population,175071
Federal Ministry Of Health,Central Ethiopian region,Silte,,2023,total_population,175071
Federal Ministry Of Health,Central Ethiopian region,Silte,,2024,total_population,175071
Federal Ministry Of Health,Central Ethiopian region,Tembaro Special,,2020,total_population,403191
Federal Ministry Of Health,Central Ethiopian region,Tembaro Special,,2021,total_population,403191
Federal Ministry Of Health,Central Ethiopian region,Tembaro Special,,2022,total_population,403191
Federal Ministry Of Health,Central Ethiopian region,Tembaro Special,,2023,total_population,403191
Federal Ministry Of Health,Central Ethiopian region,Tembaro Special,,2024,total_population,403191
Federal Ministry Of Health,Central Ethiopian region,Yem Zone,,2020,total_population,340062
Federal Ministry Of Health,Central Ethiopian region,Yem Zone,,2021,total_population,340062
Federal Ministry Of Health,Central Ethiopian region,Yem Zone,,2022,total_population,340062
Federal Ministry Of Health,Central Ethiopian region,Yem Zone,,2023,total_population,340062
Federal Ministry Of Health,Central Ethiopian region,Yem Zone,,2024,total_population,340062
Federal Ministry Of Health,Dire Dawa City Administration,Addis Ketema Operational Woreda,,2020,total_population,296221
Federal Ministry Of Health,Dire Dawa City Administration,Addis Ketema Operational Woreda,,2021,total_population,296221
Federal Ministry Of Health,Dire Dawa City Administration,Addis Ketema Operational Woreda,,2022,total_population,296221
Federal Ministry Of Health,Dire Dawa City Administration,Addis Ketema Operational Woreda,,2023,total_population,296221
Federal Ministry Of Health,Dire Dawa City Administration,Addis Ketema Operational Woreda,,2024,total_population,296221
Federal Ministry Of Health,Dire Dawa City Administration,Biyoawale Operational Woreda,,2020,total_population,133082
Federal Ministry Of Health,Dire Dawa City Administration,Biyoawale Operational Woreda,,2021,total_population,133082
Federal Ministry Of Health,Dire Dawa City Administration,Biyoawale Operational Woreda,,2022,total_population,133082
Federal Ministry Of Health,Dire Dawa City Administration,Biyoawale Operational Woreda,,2023,total_population,133082
Federal Ministry Of Health,Dire Dawa City Administration,Biyoawale Operational Woreda,,2024,total_population,133082
Federal Ministry Of Health,Dire Dawa City Administration,Dilchora General Hospital,,2020,total_population,163511
Federal Ministry Of Health,Dire Dawa City Administration,Dilchora General Hospital,,2021,total_population,163511
Federal Ministry Of Health,Dire Dawa City Administration,Dilchora General Hospital,,2022,total_population,163511
Federal Ministry Of Health,Dire Dawa City Administration,Dilchora General Hospital,,2023,total_population,163511
Federal Ministry Of Health,Dire Dawa City Administration,Dilchora General Hospital,,2024,total_population,163511
Federal Ministry Of Health,Dire Dawa City Administration,Dire Dawa Operational Woreda,,2020,total_population,78519
Federal Ministry Of Health,Dire Dawa City Administration,Dire Dawa Operational Woreda,,2021,total_population,78519
Federal Ministry Of Health,Dire Dawa City Administration,Dire Dawa Operational Woreda,,2022,total_population,78519
Federal Ministry Of Health,Dire Dawa City Administration,Dire Dawa Operational Woreda,,2023,total_population,78519
Federal Ministry Of Health,Dire Dawa City Administration,Dire Dawa Operational Woreda,,2024,total_population,78519
Federal Ministry Of Health,Dire Dawa City Administration,FACILITY AT HIGHER LEVEL,,2020,total_population,245616
Federal Ministry Of Health,Dire Dawa City Administration,FACILITY AT HIGHER LEVEL,,2021,total_population,245616
Federal Ministry Of Health,Dire Dawa City Administration,FACILITY AT HIGHER LEVEL,,2022,total_population,245616
Federal Ministry Of Health,Dire Dawa City Administration,FACILITY AT HIGHER LEVEL,,2023,total_population,245616
Federal Ministry Of Health,Dire Dawa City Administration,FACILITY AT HIGHER LEVEL,,2024,total_population,245616
Federal Ministry Of Health,Dire Dawa City Administration,Gendekore Operational Woreda,,2020,total_population,395629
Federal Ministry Of Health,Dire Dawa City Administration,Gendekore Operational Woreda,,2021,total_population,395629
Federal Ministry Of Health,Dire Dawa City Administration,Gendekore Operational Woreda,,2022,total_population,395629
Federal Ministry Of Health,Dire Dawa City Administration,Gendekore Operational Woreda,,2023,total_population,395629
Federal Ministry Of Health,Dire Dawa City Administration,Gendekore Operational Woreda,,2024,total_population,395629
Federal Ministry Of Health,Dire Dawa City Administration,Goro Operational Woreda,,2020,total_population,247428
Federal Ministry Of Health,Dire Dawa City Administration,Goro Operational Woreda,,2021,total_population,247428
Federal Ministry Of Health,Dire Dawa City Administration,Goro Operational Woreda,,2022,total_population,247428
Federal Ministry Of Health,Dire Dawa City Administration,Goro Operational Woreda,,2023,total_population,247428
Federal Ministry Of Health,Dire Dawa City Administration,Goro Operational Woreda,,2024,total_population,247428
Federal Ministry Of Health,Dire Dawa City Administration,Jeldessa Operational Woreda,,2020,total_population,468257
Federal Ministry Of Health,Dire Dawa City Administration,Jeldessa Operational Woreda,,2021,total_population,468257
Federal Ministry Of Health,Dire Dawa City Administration,Jeldessa Operational Woreda,,2022,total_population,468257
Federal Ministry Of Health,Dire Dawa City Administration,Jeldessa Operational Woreda,,2023,total_population,468257
Federal Ministry Of Health,Dire Dawa City Administration,Jeldessa Operational Woreda,,2024,total_population,468257
Federal Ministry Of Health,Dire Dawa City Administration,Legehare Operational Woreda,,2020,total_population,397563
Federal Ministry Of Health,Dire Dawa City Administration,Legehare Operational Woreda,,2021,total_population,397563
Federal Ministry Of Health,Dire Dawa City Administration,Legehare Operational Woreda,,2022,total_population,397563
Federal Ministry Of Health,Dire Dawa City Administration,Legehare Operational Woreda,,2023,total_population,397563
Federal Ministry Of Health,Dire Dawa City Administration,Legehare Operational Woreda,,2024,total_population,397563
Federal Ministry Of Health,Dire Dawa City Administration,Melkajebdu Operational Woreda,,2020,total_population,460750
Federal Ministry Of Health,Dire Dawa City Administration,Melkajebdu Operational Woreda,,2021,total_population,460750
Federal Ministry Of Health,Dire Dawa City Administration,Melkajebdu Operational Woreda,,2022,total_population,460750
Federal Ministry Of Health,Dire Dawa City Administration,Melkajebdu Operational Woreda,,2023,total_population,460750
Federal Ministry Of Health,Dire Dawa City Administration,Melkajebdu Operational Woreda,,2024,total_population,460750
Federal Ministry Of Health,Dire Dawa City Administration,Wahil Operational Woreda,,2020,total_population,77989
Federal Ministry Of Health,Dire Dawa City Administration,Wahil Operational Woreda,,2021,total_population,77989
Federal Ministry Of Health,Dire Dawa City Administration,Wahil Operational Woreda,,2022,total_population,77989
Federal Ministry Of Health,Dire Dawa City Administration,Wahil Operational Woreda,,2023,total_population,77989
Federal Ministry Of Health,Dire Dawa City Administration,Wahil Operational Woreda,,2024,total_population,77989
Federal Ministry Of Health,Gambella Region,Agniwa Zone,,2020,total_population,77115
Federal Ministry Of Health,Gambella Region,Agniwa Zone,,2021,total_population,77115
Federal Ministry Of Health,Gambella Region,Agniwa Zone,,2022,total_population,77115
Federal Ministry Of Health,Gambella Region,Agniwa Zone,,2023,total_population,77115
Federal Ministry Of Health,Gambella Region,Agniwa Zone,,2024,total_population,77115
Federal Ministry Of Health,Gambella Region,FACILITY AT HIGHER LEVEL,,2020,total_population,444985
Federal Ministry Of Health,Gambella Region,FACILITY AT HIGHER LEVEL,,2021,total_population,444985
Federal Ministry Of Health,Gambella Region,FACILITY AT HIGHER LEVEL,,2022,total_population,444985
Federal Ministry Of Health,Gambella Region,FACILITY AT HIGHER LEVEL,,2023,total_population,444985
Federal Ministry Of Health,Gambella Region,FACILITY AT HIGHER LEVEL,,2024,total_population,444985
Federal Ministry Of Health,Gambella Region,Gambella Town,,2020,total_population,221435
Federal Ministry Of Health,Gambella Region,Gambella Town,,2021,total_population,221435
Federal Ministry Of Health,Gambella Region,Gambella Town,,2022,total_population,221435
Federal Ministry Of Health,Gambella Region,Gambella Town,,2023,total_population,221435
Federal Ministry Of Health,Gambella Region,Gambella Town,,2024,total_population,221435
Federal Ministry Of Health,Gambella Region,Itang Special Woreda,,2020,total_population,459159
Federal Ministry Of Health,Gambella Region,Itang Special Woreda,,2021,total_population,459159
Federal Ministry Of Health,Gambella Region,Itang Special Woreda,,2022,total_population,459159
Federal Ministry Of Health,Gambella Region,Itang Special Woreda,,2023,total_population,459159
Federal Ministry Of Health,Gambella Region,Itang Special Woreda,,2024,total_population,459159
Federal Ministry Of Health,Gambella Region,Majang Zone,,2020,total_population,375743
Federal Ministry Of Health,Gambella Region,Majang Zone,,2021,total_population,375743
Federal Ministry Of Health,Gambella Region,Majang Zone,,2022,total_population,375743
Federal Ministry Of Health,Gambella Region,Majang Zone,,2023,total_population,375743
Federal Ministry Of Health,Gambella Region,Majang Zone,,2024,total_population,375743
Federal Ministry Of Health,Gambella Region,Nuer Zone,,2020,total_population,321030
Federal Ministry Of Health,Gambella Region,Nuer Zone,,2021,total_population,321030
Federal Ministry Of Health,Gambella Region,Nuer Zone,,2022,total_population,321030
Federal Ministry Of Health,Gambella Region,Nuer Zone,,2023,total_population,321030
Federal Ministry Of Health,Gambella Region,Nuer Zone,,2024,total_population,321030
Federal Ministry Of Health,Harari Region,Abadir Woreda,,2020,total_population,476297
Federal Ministry Of Health,Harari Region,Abadir Woreda,,2021,total_population,476297
Federal Ministry Of Health,Harari Region,Abadir Woreda,,2022,total_population,476297
Federal Ministry Of Health,Harari Region,Abadir Woreda,,2023,total_population,476297
Federal Ministry Of Health,Harari Region,Abadir Woreda,,2024,total_population,476297
Federal Ministry Of Health,Harari Region,Aboker Woreda,,2020,total_population,113416
Federal Ministry Of Health,Harari Region,Aboker Woreda,,2021,total_population,113416
Federal Ministry Of Health,Harari Region,Aboker Woreda,,2022,total_population,113416
Federal Ministry Of Health,Harari Region,Aboker Woreda,,2023,total_population,113416
Federal Ministry Of Health,Harari Region,Aboker Woreda,,2024,total_population,113416
Federal Ministry Of Health,Harari Region,Amir Nur Woreda,,2020,total_population,72555
Federal Ministry Of Health,Harari Region,Amir Nur Woreda,,2021,total_population,72555
Federal Ministry Of Health,Harari Region,Amir Nur Woreda,,2022,total_population,72555
Federal Ministry Of Health,Harari Region,Amir Nur Woreda,,2023,total_population,72555
Federal Ministry Of Health,Harari Region,Amir Nur Woreda,,2024,total_population,72555
Federal Ministry Of Health,Harari Region,Dire Teyara Woreda,,2020,total_population,234714
Federal Ministry Of Health,Harari Region,Dire Teyara Woreda,,2021,total_population,234714
Federal Ministry Of Health,Harari Region,Dire Teyara Woreda,,2022,total_population,234714
Federal Ministry Of Health,Harari Region,Dire Teyara Woreda,,2023,total_population,234714
Federal Ministry Of Health,Harari Region,Dire Teyara Woreda,,2024,total_population,234714
Federal Ministry Of Health,Harari Region,Erer Woreda,,2020,total_population,179605
Federal Ministry Of Health,Harari Region,Erer Woreda,,2021,total_population,179605
Federal Ministry Of Health,Harari Region,Erer Woreda,,2022,total_population,179605
Federal Ministry Of Health,Harari Region,Erer Woreda,,2023,total_population,179605
Federal Ministry Of Health,Harari Region,Erer Woreda,,2024,total_population,179605
Federal Ministry Of Health,Harari Region,FACILITY AT HIGHER LEVEL,,2020,total_population,113301
Federal Ministry Of Health,Harari Region,FACILITY AT HIGHER LEVEL,,2021,total_population,113301
Federal Ministry Of Health,Harari Region,FACILITY AT HIGHER LEVEL,,2022,total_population,113301
Federal Ministry Of Health,Harari Region,FACILITY AT HIGHER LEVEL,,2023,total_population,113301
Federal Ministry Of Health,Harari Region,FACILITY AT HIGHER LEVEL,,2024,total_population,113301
Federal Ministry Of Health,Harari Region,Hakim Woreda,,2020,total_population,112469
Federal Ministry Of Health,Harari Region,Hakim Woreda,,2021,total_population,112469
Federal Ministry Of Health,Harari Region,Hakim Woreda,,2022,total_population,112469
Federal Ministry Of Health,Harari Region,Hakim Woreda,,2023,total_population,112469
Federal Ministry Of Health,Harari Region,Hakim Woreda,,2024,total_population,112469
Federal Ministry Of Health,Harari Region,Jinela Woreda,,2020,total_population,206385
Federal Ministry Of Health,Harari Region,Jinela Woreda,,2021,total_population,206385
Federal Ministry Of Health,Harari Region,Jinela Woreda,,2022,total_population,206385
Federal Ministry Of Health,Harari Region,Jinela Woreda,,2023,total_population,206385
Federal Ministry Of Health,Harari Region,Jinela Woreda,,2024,total_population,206385
Federal Ministry Of Health,Harari Region,Shenkor Woreda,,2020,total_population,489704
Federal Ministry Of Health,Harari Region,Shenkor Woreda,,2021,total_population,489704
Federal Ministry Of Health,Harari Region,Shenkor Woreda,,2022,total_population,489704
Federal Ministry Of Health,Harari Region,Shenkor Woreda,,2023,total_population,489704
Federal Ministry Of Health,Harari Region,Shenkor Woreda,,2024,total_population,489704
Federal Ministry Of Health,Harari Region,Sofi Woreda,,2020,total_population,351744
Federal Ministry Of Health,Harari Region,Sofi Woreda,,2021,total_population,351744
Federal Ministry Of Health,Harari Region,Sofi Woreda,,2022,total_population,351744
Federal Ministry Of Health,Harari Region,Sofi Woreda,,2023,total_population,351744
Federal Ministry Of Health,Harari Region,Sofi Woreda,,2024,total_population,351744
Federal Ministry Of Health,Oromia Region,Adama City,,2020,total_population,262367
Federal Ministry Of Health,Oromia Region,Adama City,,2021,total_population,262367
Federal Ministry Of Health,Oromia Region,Adama City,,2022,total_population,262367
Federal Ministry Of Health,Oromia Region,Adama City,,2023,total_population,262367
Federal Ministry Of Health,Oromia Region,Adama City,,2024,total_population,262367
Federal Ministry Of Health,Oromia Region,Agaro Town,,2020,total_population,139318
Federal Ministry Of Health,Oromia Region,Agaro Town,,2021,total_population,139318
Federal Ministry Of Health,Oromia Region,Agaro Town,,2022,total_population,139318
Federal Ministry Of Health,Oromia Region,Agaro Town,,2023,total_population,139318
Federal Ministry Of Health,Oromia Region,Agaro Town,,2024,total_population,139318
Federal Ministry Of Health,Oromia Region,AmboTown,,2020,total_population,178679
Federal Ministry Of Health,Oromia Region,AmboTown,,2021,total_population,178679
Federal Ministry Of Health,Oromia Region,AmboTown,,2022,total_population,178679
Federal Ministry Of Health,Oromia Region,AmboTown,,2023,total_population,178679
Federal Ministry Of Health,Oromia Region,AmboTown,,2024,total_population,178679
Federal Ministry Of Health,Oromia Region,Arsi Zone,,2020,total_population,77971
Federal Ministry Of Health,Oromia Region,Arsi Zone,,2021,total_population,77971
Federal Ministry Of Health,Oromia Region,Arsi Zone,,2022,total_population,77971
Federal Ministry Of Health,Oromia Region,Arsi Zone,,2023,total_population,77971
Federal Ministry Of Health,Oromia Region,Arsi Zone,,2024,total_population,77971
Federal Ministry Of Health,Oromia Region,Asela Town,,2020,total_population,113170
Federal Ministry Of Health,Oromia Region,Asela Town,,2021,total_population,113170
Federal Ministry Of Health,Oromia Region,Asela Town,,2022,total_population,113170
Federal Ministry Of Health,Oromia Region,Asela Town,,2023,total_population,113170
Federal Ministry Of Health,Oromia Region,Asela Town,,2024,total_population,113170
Federal Ministry Of Health,Oromia Region,Bale Zone,,2020,total_population,242915
Federal Ministry Of Health,Oromia Region,Bale Zone,,2021,total_population,242915
Federal Ministry Of Health,Oromia Region,Bale Zone,,2022,total_population,242915
Federal Ministry Of Health,Oromia Region,Bale Zone,,2023,total_population,242915
Federal Ministry Of Health,Oromia Region,Bale Zone,,2024,total_population,242915
Federal Ministry Of Health,Oromia Region,Batu Town,,2020,total_population,422775
Federal Ministry Of Health,Oromia Region,Batu Town,,2021,total_population,422775
Federal Ministry Of Health,Oromia Region,Batu Town,,2022,total_population,422775
Federal Ministry Of Health,Oromia Region,Batu Town,,2023,total_population,422775
Federal Ministry Of Health,Oromia Region,Batu Town,,2024,total_population,422775
Federal Ministry Of Health,Oromia Region,Bishoftu Town,,2020,total_population,258946
Federal Ministry Of Health,Oromia Region,Bishoftu Town,,2021,total_population,258946
Federal Ministry Of Health,Oromia Region,Bishoftu Town,,2022,total_population,258946
Federal Ministry Of Health,Oromia Region,Bishoftu Town,,2023,total_population,258946
Federal Ministry Of Health,Oromia Region,Bishoftu Town,,2024,total_population,258946
Federal Ministry Of Health,Oromia Region,Bole Sub City,,2020,total_population,167653
Federal Ministry Of Health,Oromia Region,Bole Sub City,,2021,total_population,167653
Federal Ministry Of Health,Oromia Region,Bole Sub City,,2022,total_population,167653
Federal Ministry Of Health,Oromia Region,Bole Sub City,,2023,total_population,167653
Federal Ministry Of Health,Oromia Region,Bole Sub City,,2024,total_population,167653
Federal Ministry Of Health,Oromia Region,Borena Zone,,2020,total_population,354427
Federal Ministry Of Health,Oromia Region,Borena Zone,,2021,total_population,354427
Federal Ministry Of Health,Oromia Region,Borena Zone,,2022,total_population,354427
Federal Ministry Of Health,Oromia Region,Borena Zone,,2023,total_population,354427
Federal Ministry Of Health,Oromia Region,Borena Zone,,2024,total_population,354427
Federal Ministry Of Health,Oromia Region,Bule Hora Town,,2020,total_population,412080
Federal Ministry Of Health,Oromia Region,Bule Hora Town,,2021,total_population,412080
Federal Ministry Of Health,Oromia Region,Bule Hora Town,,2022,total_population,412080
Federal Ministry Of Health,Oromia Region,Bule Hora Town,,2023,total_population,412080
Federal Ministry Of Health,Oromia Region,Bule Hora Town,,2024,total_population,412080
Federal Ministry Of Health,Oromia Region,Buno Bedele Zone,,2020,total_population,385577
Federal Ministry Of Health,Oromia Region,Buno Bedele Zone,,2021,total_population,385577
Federal Ministry Of Health,Oromia Region,Buno Bedele Zone,,2022,total_population,385577
Federal Ministry Of Health,Oromia Region,Buno Bedele Zone,,2023,total_population,385577
Federal Ministry Of Health,Oromia Region,Buno Bedele Zone,,2024,total_population,385577
Federal Ministry Of Health,Oromia Region,Dodola Town,,2020,total_population,451642
Federal Ministry Of Health,Oromia Region,Dodola Town,,2021,total_population,451642
Federal Ministry Of Health,Oromia Region,Dodola Town,,2022,total_population,451642
Federal Ministry Of Health,Oromia Region,Dodola Town,,2023,total_population,451642
Federal Ministry Of Health,Oromia Region,Dodola Town,,2024,total_population,451642
Federal Ministry Of Health,Oromia Region,East Bale Zone,,2020,total_population,446452
Federal Ministry Of Health,Oromia Region,East Bale Zone,,2021,total_population,446452
Federal Ministry Of Health,Oromia Region,East Bale Zone,,2022,total_population,446452
Federal Ministry Of Health,Oromia Region,East Bale Zone,,2023,total_population,446452
Federal Ministry Of Health,Oromia Region,East Bale Zone,,2024,total_population,446452
Federal Ministry Of Health,Oromia Region,East Borena Zone,,2020,total_population,77337
Federal Ministry Of Health,Oromia Region,East Borena Zone,,2021,total_population,77337
Federal Ministry Of Health,Oromia Region,East Borena Zone,,2022,total_population,77337
Federal Ministry Of Health,Oromia Region,East Borena Zone,,2023,total_population,77337
Federal Ministry Of Health,Oromia Region,East Borena Zone,,2024,total_population,77337
Federal Ministry Of Health,Oromia Region,East Hararge Zone,,2020,total_population,498880
Federal Ministry Of Health,Oromia Region,East Hararge Zone,,2021,total_population,498880
Federal Ministry Of Health,Oromia Region,East Hararge Zone,,2022,total_population,498880
Federal Ministry Of Health,Oromia Region,East Hararge Zone,,2023,total_population,498880
Federal Ministry Of Health,Oromia Region,East Hararge Zone,,2024,total_population,498880
Federal Ministry Of Health,Oromia Region,East Shewa Zone,,2020,total_population,134787
Federal Ministry Of Health,Oromia Region,East Shewa Zone,,2021,total_population,134787
Federal Ministry Of Health,Oromia Region,East Shewa Zone,,2022,total_population,134787
Federal Ministry Of Health,Oromia Region,East Shewa Zone,,2023,total_population,134787
Federal Ministry Of Health,Oromia Region,East Shewa Zone,,2024,total_population,134787
Federal Ministry Of Health,Oromia Region,East Wellega Zone,,2020,total_population,331106
Federal Ministry Of Health,Oromia Region,East Wellega Zone,,2021,total_population,331106
Federal Ministry Of Health,Oromia Region,East Wellega Zone,,2022,total_population,331106
Federal Ministry Of Health,Oromia Region,East Wellega Zone,,2023,total_population,331106
Federal Ministry Of Health,Oromia Region,East Wellega Zone,,2024,total_population,331106
Federal Ministry Of Health,Oromia Region,Guji Zone,,2020,total_population,309961
Federal Ministry Of Health,Oromia Region,Guji Zone,,2021,total_population,309961
Federal Ministry Of Health,Oromia Region,Guji Zone,,2022,total_population,309961
Federal Ministry Of Health,Oromia Region,Guji Zone,,2023,total_population,309961
Federal Ministry Of Health,Oromia Region,Guji Zone,,2024,total_population,309961
Federal Ministry Of Health,Oromia Region,Holeta Town,,2020,total_population,458991
Federal Ministry Of Health,Oromia Region,Holeta Town,,2021,total_population,458991
Federal Ministry Of Health,Oromia Region,Holeta Town,,2022,total_population,458991
Federal Ministry Of Health,Oromia Region,Holeta Town,,2023,total_population,458991
Federal Ministry Of Health,Oromia Region,Holeta Town,,2024,total_population,458991
Federal Ministry Of Health,Oromia Region,Horo Guduru Wollega Zone,,2020,total_population,166633
Federal Ministry Of Health,Oromia Region,Horo Guduru Wollega Zone,,2021,total_population,166633
Federal Ministry Of Health,Oromia Region,Horo Guduru Wollega Zone,,2022,total_population,166633
Federal Ministry Of Health,Oromia Region,Horo Guduru Wollega Zone,,2023,total_population,166633
Federal Ministry Of Health,Oromia Region,Horo Guduru Wollega Zone,,2024,total_population,166633
Federal Ministry Of Health,Oromia Region,Ilu Aba Bora Zone,,2020,total_population,194617
Federal Ministry Of Health,Oromia Region,Ilu Aba Bora Zone,,2021,total_population,194617
Federal Ministry Of Health,Oromia Region,Ilu Aba Bora Zone,,2022,total_population,194617
Federal Ministry Of Health,Oromia Region,Ilu Aba Bora Zone,,2023,total_population,194617
Federal Ministry Of Health,Oromia Region,Ilu Aba Bora Zone,,2024,total_population,194617
Federal Ministry Of Health,Oromia Region,Jimma Town,,2020,total_population,401904
Federal Ministry Of Health,Oromia Region,Jimma Town,,2021,total_population,401904
Federal Ministry Of Health,Oromia Region,Jimma Town,,2022,total_population,401904
Federal Ministry Of Health,Oromia Region,Jimma Town,,2023,total_population,401904
Federal Ministry Of Health,Oromia Region,Jimma Town,,2024,total_population,401904
Federal Ministry Of Health,Oromia Region,Jimma Zone,,2020,total_population,187732
Federal Ministry Of Health,Oromia Region,Jimma Zone,,2021,total_population,187732
Federal Ministry Of Health,Oromia Region,Jimma Zone,,2022,total_population,187732
Federal Ministry Of Health,Oromia Region,Jimma Zone,,2023,total_population,187732
Federal Ministry Of Health,Oromia Region,Jimma Zone,,2024,total_population,187732
Federal Ministry Of Health,Oromia Region,Kelem Wellega Zone,,2020,total_population,214822
Federal Ministry Of Health,Oromia Region,Kelem Wellega Zone,,2021,total_population,214822
Federal Ministry Of Health,Oromia Region,Kelem Wellega Zone,,2022,total_population,214822
Federal Ministry Of Health,Oromia Region,Kelem Wellega Zone,,2023,total_population,214822
Federal Ministry Of Health,Oromia Region,Kelem Wellega Zone,,2024,total_population,214822
Federal Ministry Of Health,Oromia Region,Maya Town,,2020,total_population,392792
Federal Ministry Of Health,Oromia Region,Maya Town,,2021,total_population,392792
Federal Ministry Of Health,Oromia Region,Maya Town,,2022,total_population,392792
Federal Ministry Of Health,Oromia Region,Maya Town,,2023,total_population,392792
Federal Ministry Of Health,Oromia Region,Maya Town,,2024,total_population,392792
Federal Ministry Of Health,Oromia Region,Metu Town,,2020,total_population,222956
Federal Ministry Of Health,Oromia Region,Metu Town,,2021,total_population,222956
Federal Ministry Of Health,Oromia Region,Metu Town,,2022,total_population,222956
Federal Ministry Of Health,Oromia Region,Metu Town,,2023,total_population,222956
Federal Ministry Of Health,Oromia Region,Metu Town,,2024,total_population,222956
Federal Ministry Of Health,Oromia Region,Modjo Town,,2020,total_population,483586
Federal Ministry Of Health,Oromia Region,Modjo Town,,2021,total_population,483586
Federal Ministry Of Health,Oromia Region,Modjo Town,,2022,total_population,483586
Federal Ministry Of Health,Oromia Region,Modjo Town,,2023,total_population,483586
Federal Ministry Of Health,Oromia Region,Modjo Town,,2024,total_population,483586
Federal Ministry Of Health,Oromia Region,Moyale Town,,2020,total_population,383681
Federal Ministry Of Health,Oromia Region,Moyale Town,,2021,total_population,383681
Federal Ministry Of Health,Oromia Region,Moyale Town,,2022,total_population,383681
Federal Ministry Of Health,Oromia Region,Moyale Town,,2023,total_population,383681
Federal Ministry Of Health,Oromia Region,Moyale Town,,2024,total_population,383681
Federal Ministry Of Health,Oromia Region,Nedjo Town,,2020,total_population,275373
Federal Ministry Of Health,Oromia Region,Nedjo Town,,2021,total_population,275373
Federal Ministry Of Health,Oromia Region,Nedjo Town,,2022,total_population,275373
Federal Ministry Of Health,Oromia Region,Nedjo Town,,2023,total_population,275373
Federal Ministry Of Health,Oromia Region,Nedjo Town,,2024,total_population,275373
Federal Ministry Of Health,Oromia Region,Nekemte Town,,2020,total_population,82258
Federal Ministry Of Health,Oromia Region,Nekemte Town,,2021,total_population,82258
Federal Ministry Of Health,Oromia Region,Nekemte Town,,2022,total_population,82258
Federal Ministry Of Health,Oromia Region,Nekemte Town,,2023,total_population,82258
Federal Ministry Of Health,Oromia Region,Nekemte Town,,2024,total_population,82258
Federal Ministry Of Health,Oromia Region,North Shewa Zone,,2020,total_population,331461
Federal Ministry Of Health,Oromia Region,North Shewa Zone,,2021,total_population,331461
Federal Ministry Of Health,Oromia Region,North Shewa Zone,,2022,total_population,331461
Federal Ministry Of Health,Oromia Region,North Shewa Zone,,2023,total_population,331461
Federal Ministry Of Health,Oromia Region,North Shewa Zone,,2024,total_population,331461
Federal Ministry Of Health,Oromia Region,Robe Town,,2020,total_population,64242
Federal Ministry Of Health,Oromia Region,Robe Town,,2021,total_population,64242
Federal Ministry Of Health,Oromia Region,Robe Town,,2022,total_population,64242
Federal Ministry Of Health,Oromia Region,Robe Town,,2023,total_population,64242
Federal Ministry Of Health,Oromia Region,Robe Town,,2024,total_population,64242
Federal Ministry Of Health,Oromia Region,Sendafa Bake Town,,2020,total_population,329131
Federal Ministry Of Health,Oromia Region,Sendafa Bake Town,,2021,total_population,329131
Federal Ministry Of Health,Oromia Region,Sendafa Bake Town,,2022,total_population,329131
Federal Ministry Of Health,Oromia Region,Sendafa Bake Town,,2023,total_population,329131
Federal Ministry Of Health,Oromia Region,Sendafa Bake Town,,2024,total_population,329131
Federal Ministry Of Health,Oromia Region,Shagar City,,2020,total_population,167027
Federal Ministry Of Health,Oromia Region,Shagar City,,2021,total_population,167027
Federal Ministry Of Health,Oromia Region,Shagar City,,2022,total_population,167027
Federal Ministry Of Health,Oromia Region,Shagar City,,2023,total_population,167027
Federal Ministry Of Health,Oromia Region,Shagar City,,2024,total_population,167027
Federal Ministry Of Health,Oromia Region,Shakiso Town,,2020,total_population,157150
Federal Ministry Of Health,Oromia Region,Shakiso Town,,2021,total_population,157150
Federal Ministry Of Health,Oromia Region,Shakiso Town,,2022,total_population,157150
Federal Ministry Of Health,Oromia Region,Shakiso Town,,2023,total_population,157150
Federal Ministry Of Health,Oromia Region,Shakiso Town,,2024,total_population,157150
Federal Ministry Of Health,Oromia Region,Shashemene Town1,,2020,total_population,395196
Federal Ministry Of Health,Oromia Region,Shashemene Town1,,2021,total_population,395196
Federal Ministry Of Health,Oromia Region,Shashemene Town1,,2022,total_population,395196
Federal Ministry Of Health,Oromia Region,Shashemene Town1,,2023,total_population,395196
Federal Ministry Of Health,Oromia Region,Shashemene Town1,,2024,total_population,395196
Federal Ministry Of Health,Oromia Region,Sheno Town,,2020,total_population,176857
Federal Ministry Of Health,Oromia Region,Sheno Town,,2021,total_population,176857
Federal Ministry Of Health,Oromia Region,Sheno Town,,2022,total_population,176857
Federal Ministry Of Health,Oromia Region,Sheno Town,,2023,total_population,176857
Federal Ministry Of Health,Oromia Region,Sheno Town,,2024,total_population,176857
Federal Ministry Of Health,Oromia Region,South West Shewa Zone,,2020,total_population,199834
Federal Ministry Of Health,Oromia Region,South West Shewa Zone,,2021,total_population,199834
Federal Ministry Of Health,Oromia Region,South West Shewa Zone,,2022,total_population,199834
Federal Ministry Of Health,Oromia Region,South West Shewa Zone,,2023,total_population,199834
Federal Ministry Of Health,Oromia Region,South West Shewa Zone,,2024,total_population,199834
Federal Ministry Of Health,Oromia Region,West Arsi Zone,,2020,total_population,412455
Federal Ministry Of Health,Oromia Region,West Arsi Zone,,2021,total_population,412455
Federal Ministry Of Health,Oromia Region,West Arsi Zone,,2022,total_population,412455
Federal Ministry Of Health,Oromia Region,West Arsi Zone,,2023,total_population,412455
Federal Ministry Of Health,Oromia Region,West Arsi Zone,,2024,total_population,412455
Federal Ministry Of Health,Oromia Region,West Guji Zone,,2020,total_population,232341
Federal Ministry Of Health,Oromia Region,West Guji Zone,,2021,total_population,232341
Federal Ministry Of Health,Oromia Region,West Guji Zone,,2022,total_population,232341
Federal Ministry Of Health,Oromia Region,West Guji Zone,,2023,total_population,232341
Federal Ministry Of Health,Oromia Region,West Guji Zone,,2024,total_population,232341
Federal Ministry Of Health,Oromia Region,West Hararge Zone,,2020,total_population,51715
Federal Ministry Of Health,Oromia Region,West Hararge Zone,,2021,total_population,51715
Federal Ministry Of Health,Oromia Region,West Hararge Zone,,2022,total_population,51715
Federal Ministry Of Health,Oromia Region,West Hararge Zone,,2023,total_population,51715
Federal Ministry Of Health,Oromia Region,West Hararge Zone,,2024,total_population,51715
Federal Ministry Of Health,Oromia Region,West Shewa,,2020,total_population,480645
Federal Ministry Of Health,Oromia Region,West Shewa,,2021,total_population,480645
Federal Ministry Of Health,Oromia Region,West Shewa,,2022,total_population,480645
Federal Ministry Of Health,Oromia Region,West Shewa,,2023,total_population,480645
Federal Ministry Of Health,Oromia Region,West Shewa,,2024,total_population,480645
Federal Ministry Of Health,Oromia Region,West Wollega Zone,,2020,total_population,147454
Federal Ministry Of Health,Oromia Region,West Wollega Zone,,2021,total_population,147454
Federal Ministry Of Health,Oromia Region,West Wollega Zone,,2022,total_population,147454
Federal Ministry Of Health,Oromia Region,West Wollega Zone,,2023,total_population,147454
Federal Ministry Of Health,Oromia Region,West Wollega Zone,,2024,total_population,147454
Federal Ministry Of Health,Oromia Region,Woliso Town,,2020,total_population,191702
Federal Ministry Of Health,Oromia Region,Woliso Town,,2021,total_population,191702
Federal Ministry Of Health,Oromia Region,Woliso Town,,2022,total_population,191702
Federal Ministry Of Health,Oromia Region,Woliso Town,,2023,total_population,191702
Federal Ministry Of Health,Oromia Region,Woliso Town,,2024,total_population,191702
Federal Ministry Of Health,Sidama Region,Central Sidama Zone,,2020,total_population,84909
Federal Ministry Of Health,Sidama Region,Central Sidama Zone,,2021,total_population,84909
Federal Ministry Of Health,Sidama Region,Central Sidama Zone,,2022,total_population,84909
Federal Ministry Of Health,Sidama Region,Central Sidama Zone,,2023,total_population,84909
Federal Ministry Of Health,Sidama Region,Central Sidama Zone,,2024,total_population,84909
Federal Ministry Of Health,Sidama Region,Eastern Sidama Zone,,2020,total_population,193730
Federal Ministry Of Health,Sidama Region,Eastern Sidama Zone,,2021,total_population,193730
Federal Ministry Of Health,Sidama Region,Eastern Sidama Zone,,2022,total_population,193730
Federal Ministry Of Health,Sidama Region,Eastern Sidama Zone,,2023,total_population,193730
Federal Ministry Of Health,Sidama Region,Eastern Sidama Zone,,2024,total_population,193730
Federal Ministry Of Health,Sidama Region,Hawassa City Administration,,2020,total_population,173364
Federal Ministry Of Health,Sidama Region,Hawassa City Administration,,2021,total_population,173364
Federal Ministry Of Health,Sidama Region,Hawassa City Administration,,2022,total_population,173364
Federal Ministry Of Health,Sidama Region,Hawassa City Administration,,2023,total_population,173364
Federal Ministry Of Health,Sidama Region,Hawassa City Administration,,2024,total_population,173364
Federal Ministry Of Health,Sidama Region,Northern Sidama Zone,,2020,total_population,269966
Federal Ministry Of Health,Sidama Region,Northern Sidama Zone,,2021,total_population,269966
Federal Ministry Of Health,Sidama Region,Northern Sidama Zone,,2022,total_population,269966
Federal Ministry Of Health,Sidama Region,Northern Sidama Zone,,2023,total_population,269966
Federal Ministry Of Health,Sidama Region,Northern Sidama Zone,,2024,total_population,269966
Federal Ministry Of Health,Sidama Region,Southern Sidama Zone,,2020,total_population,232262
Federal Ministry Of Health,Sidama Region,Southern Sidama Zone,,2021,total_population,232262
Federal Ministry Of Health,Sidama Region,Southern Sidama Zone,,2022,total_population,232262
Federal Ministry Of Health,Sidama Region,Southern Sidama Zone,,2023,total_population,232262
Federal Ministry Of Health,Sidama Region,Southern Sidama Zone,,2024,total_population,232262
Federal Ministry Of Health,Somali Region,Afder Zone,,2020,total_population,314747
Federal Ministry Of Health,Somali Region,Afder Zone,,2021,total_population,314747
Federal Ministry Of Health,Somali Region,Afder Zone,,2022,total_population,314747
Federal Ministry Of Health,Somali Region,Afder Zone,,2023,total_population,314747
Federal Ministry Of Health,Somali Region,Afder Zone,,2024,total_population,314747
Federal Ministry Of Health,Somali Region,Dawa Zone,,2020,total_population,361718
Federal Ministry Of Health,Somali Region,Dawa Zone,,2021,total_population,361718
Federal Ministry Of Health,Somali Region,Dawa Zone,,2022,total_population,361718
Federal Ministry Of Health,Somali Region,Dawa Zone,,2023,total_population,361718
Federal Ministry Of Health,Somali Region,Dawa Zone,,2024,total_population,361718
Federal Ministry Of Health,Somali Region,Dollo Zone,,2020,total_population,297951
Federal Ministry Of Health,Somali Region,Dollo Zone,,2021,total_population,297951
Federal Ministry Of Health,Somali Region,Dollo Zone,,2022,total_population,297951
Federal Ministry Of Health,Somali Region,Dollo Zone,,2023,total_population,297951
Federal Ministry Of Health,Somali Region,Dollo Zone,,2024,total_population,297951
Federal Ministry Of Health,Somali Region,Erar Zone,,2020,total_population,120548
Federal Ministry Of Health,Somali Region,Erar Zone,,2021,total_population,120548
Federal Ministry Of Health,Somali Region,Erar Zone,,2022,total_population,120548
Federal Ministry Of Health,Somali Region,Erar Zone,,2023,total_population,120548
Federal Ministry Of Health,Somali Region,Erar Zone,,2024,total_population,120548
Federal Ministry Of Health,Somali Region,Erer Woreda,,2020,total_population,446476
Federal Ministry Of Health,Somali Region,Erer Woreda,,2021,total_population,446476
Federal Ministry Of Health,Somali Region,Erer Woreda,,2022,total_population,446476
Federal Ministry Of Health,Somali Region,Erer Woreda,,2023,total_population,446476
Federal Ministry Of Health,Somali Region,Erer Woreda,,2024,total_population,446476
Federal Ministry Of Health,Somali Region,FACILITY AT HIGHER LEVEL,,2020,total_population,108117
Federal Ministry Of Health,Somali Region,FACILITY AT HIGHER LEVEL,,2021,total_population,108117
Federal Ministry Of Health,Somali Region,FACILITY AT HIGHER LEVEL,,2022,total_population,108117
Federal Ministry Of Health,Somali Region,FACILITY AT HIGHER LEVEL,,2023,total_population,108117
Federal Ministry Of Health,Somali Region,FACILITY AT HIGHER LEVEL,,2024,total_population,108117
Federal Ministry Of Health,Somali Region,Fafan Zone,,2020,total_population,346397
Federal Ministry Of Health,Somali Region,Fafan Zone,,2021,total_population,346397
Federal Ministry Of Health,Somali Region,Fafan Zone,,2022,total_population,346397
Federal Ministry Of Health,Somali Region,Fafan Zone,,2023,total_population,346397
Federal Ministry Of Health,Somali Region,Fafan Zone,,2024,total_population,346397
Federal Ministry Of Health,Somali Region,Jarar Zone,,2020,total_population,57765
Federal Ministry Of Health,Somali Region,Jarar Zone,,2021,total_population,57765
Federal Ministry Of Health,Somali Region,Jarar Zone,,2022,total_population,57765
Federal Ministry Of Health,Somali Region,Jarar Zone,,2023,total_population,57765
Federal Ministry Of Health,Somali Region,Jarar Zone,,2024,total_population,57765
Federal Ministry Of Health,Somali Region,Korahay Zone,,2020,total_population,109856
Federal Ministry Of Health,Somali Region,Korahay Zone,,2021,total_population,109856
Federal Ministry Of Health,Somali Region,Korahay Zone,,2022,total_population,109856
Federal Ministry Of Health,Somali Region,Korahay Zone,,2023,total_population,109856
Federal Ministry Of Health,Somali Region,Korahay Zone,,2024,total_population,109856
Federal Ministry Of Health,Somali Region,Liben Zone,,2020,total_population,276614
Federal Ministry Of Health,Somali Region,Liben Zone,,2021,total_population,276614
Federal Ministry Of Health,Somali Region,Liben Zone,,2022,total_population,276614
Federal Ministry Of Health,Somali Region,Liben Zone,,2023,total_population,276614
Federal Ministry Of Health,Somali Region,Liben Zone,,2024,total_population,276614
Federal Ministry Of Health,Somali Region,Nogob Zone,,2020,total_population,450006
Federal Ministry Of Health,Somali Region,Nogob Zone,,2021,total_population,450006
Federal Ministry Of Health,Somali Region,Nogob Zone,,2022,total_population,450006
Federal Ministry Of Health,Somali Region,Nogob Zone,,2023,total_population,450006
Federal Ministry Of Health,Somali Region,Nogob Zone,,2024,total_population,450006
Federal Ministry Of Health,Somali Region,Shebelle Zone,,2020,total_population,252341
Federal Ministry Of Health,Somali Region,Shebelle Zone,,2021,total_population,252341
Federal Ministry Of Health,Somali Region,Shebelle Zone,,2022,total_population,252341
Federal Ministry Of Health,Somali Region,Shebelle Zone,,2023,total_population,252341
Federal Ministry Of Health,Somali Region,Shebelle Zone,,2024,total_population,252341
Federal Ministry Of Health,Somali Region,Sitti Zone,,2020,total_population,118729
Federal Ministry Of Health,Somali Region,Sitti Zone,,2021,total_population,118729
Federal Ministry Of Health,Somali Region,Sitti Zone,,2022,total_population,118729
Federal Ministry Of Health,Somali Region,Sitti Zone,,2023,total_population,118729
Federal Ministry Of Health,Somali Region,Sitti Zone,,2024,total_population,118729
Federal Ministry Of Health,South Ethiopia Region,Aari Zone,,2020,total_population,52480
Federal Ministry Of Health,South Ethiopia Region,Aari Zone,,2021,total_population,52480
Federal Ministry Of Health,South Ethiopia Region,Aari Zone,,2022,total_population,52480
Federal Ministry Of Health,South Ethiopia Region,Aari Zone,,2023,total_population,52480
Federal Ministry Of Health,South Ethiopia Region,Aari Zone,,2024,total_population,52480
Federal Ministry Of Health,South Ethiopia Region,Ale Zone,,2020,total_population,171050
Federal Ministry Of Health,South Ethiopia Region,Ale Zone,,2021,total_population,171050
Federal Ministry Of Health,South Ethiopia Region,Ale Zone,,2022,total_population,171050
Federal Ministry Of Health,South Ethiopia Region,Ale Zone,,2023,total_population,171050
Federal Ministry Of Health,South Ethiopia Region,Ale Zone,,2024,total_population,171050
Federal Ministry Of Health,South Ethiopia Region,Basketo Zone,,2020,total_population,267697
Federal Ministry Of Health,South Ethiopia Region,Basketo Zone,,2021,total_population,267697
Federal Ministry Of Health,South Ethiopia Region,Basketo Zone,,2022,total_population,267697
Federal Ministry Of Health,South Ethiopia Region,Basketo Zone,,2023,total_population,267697
Federal Ministry Of Health,South Ethiopia Region,Basketo Zone,,2024,total_population,267697
Federal Ministry Of Health,South Ethiopia Region,Burji Zone,,2020,total_population,225000
Federal Ministry Of Health,South Ethiopia Region,Burji Zone,,2021,total_population,225000
Federal Ministry Of Health,South Ethiopia Region,Burji Zone,,2022,total_population,225000
Federal Ministry Of Health,South Ethiopia Region,Burji Zone,,2023,total_population,225000
Federal Ministry Of Health,South Ethiopia Region,Burji Zone,,2024,total_population,225000
Federal Ministry Of Health,South Ethiopia Region,Gamo Zone,,2020,total_population,185234
Federal Ministry Of Health,South Ethiopia Region,Gamo Zone,,2021,total_population,185234
Federal Ministry Of Health,South Ethiopia Region,Gamo Zone,,2022,total_population,185234
Federal Ministry Of Health,South Ethiopia Region,Gamo Zone,,2023,total_population,185234
Federal Ministry Of Health,South Ethiopia Region,Gamo Zone,,2024,total_population,185234
Federal Ministry Of Health,South Ethiopia Region,Gardula Zone,,2020,total_population,154923
Federal Ministry Of Health,South Ethiopia Region,Gardula Zone,,2021,total_population,154923
Federal Ministry Of Health,South Ethiopia Region,Gardula Zone,,2022,total_population,154923
Federal Ministry Of Health,South Ethiopia Region,Gardula Zone,,2023,total_population,154923
Federal Ministry Of Health,South Ethiopia Region,Gardula Zone,,2024,total_population,154923
Federal Ministry Of Health,South Ethiopia Region,Gedeo Zone,,2020,total_population,320395
Federal Ministry Of Health,South Ethiopia Region,Gedeo Zone,,2021,total_population,320395
Federal Ministry Of Health,South Ethiopia Region,Gedeo Zone,,2022,total_population,320395
Federal Ministry Of Health,South Ethiopia Region,Gedeo Zone,,2023,total_population,320395
Federal Ministry Of Health,South Ethiopia Region,Gedeo Zone,,2024,total_population,320395
Federal Ministry Of Health,South Ethiopia Region,Gofa Zone,,2020,total_population,388377
Federal Ministry Of Health,South Ethiopia Region,Gofa Zone,,2021,total_population,388377
Federal Ministry Of Health,South Ethiopia Region,Gofa Zone,,2022,total_population,388377
Federal Ministry Of Health,South Ethiopia Region,Gofa Zone,,2023,total_population,388377
Federal Ministry Of Health,South Ethiopia Region,Gofa Zone,,2024,total_population,388377
Federal Ministry Of Health,South Ethiopia Region,Konso Zone,,2020,total_population,107901
Federal Ministry Of Health,South Ethiopia Region,Konso Zone,,2021,total_population,107901
Federal Ministry Of Health,South Ethiopia Region,Konso Zone,,2022,total_population,107901
Federal Ministry Of Health,South Ethiopia Region,Konso Zone,,2023,total_population,107901
Federal Ministry Of Health,South Ethiopia Region,Konso Zone,,2024,total_population,107901
Federal Ministry Of Health,South Ethiopia Region,Koore zone,,2020,total_population,128542
Federal Ministry Of Health,South Ethiopia Region,Koore zone,,2021,total_population,128542
Federal Ministry Of Health,South Ethiopia Region,Koore zone,,2022,total_population,128542
Federal Ministry Of Health,South Ethiopia Region,Koore zone,,2023,total_population,128542
Federal Ministry Of Health,South Ethiopia Region,Koore zone,,2024,total_population,128542
Federal Ministry Of Health,South Ethiopia Region,South Omo Zone,,2020,total_population,171179
Federal Ministry Of Health,South Ethiopia Region,South Omo Zone,,2021,total_population,171179
Federal Ministry Of Health,South Ethiopia Region,South Omo Zone,,2022,total_population,171179
Federal Ministry Of Health,South Ethiopia Region,South Omo Zone,,2023,total_population,171179
Federal Ministry Of Health,South Ethiopia Region,South Omo Zone,,2024,total_population,171179
Federal Ministry Of Health,South Ethiopia Region,Wolaita Zone,,2020,total_population,181752
Federal Ministry Of Health,South Ethiopia Region,Wolaita Zone,,2021,total_population,181752
Federal Ministry Of Health,South Ethiopia Region,Wolaita Zone,,2022,total_population,181752
Federal Ministry Of Health,South Ethiopia Region,Wolaita Zone,,2023,total_population,181752
Federal Ministry Of Health,South Ethiopia Region,Wolaita Zone,,2024,total_population,181752
Federal Ministry Of Health,South West Ethiopia Region,Bench Sheko Zone,,2020,total_population,367784
Federal Ministry Of Health,South West Ethiopia Region,Bench Sheko Zone,,2021,total_population,367784
Federal Ministry Of Health,South West Ethiopia Region,Bench Sheko Zone,,2022,total_population,367784
Federal Ministry Of Health,South West Ethiopia Region,Bench Sheko Zone,,2023,total_population,367784
Federal Ministry Of Health,South West Ethiopia Region,Bench Sheko Zone,,2024,total_population,367784
Federal Ministry Of Health,South West Ethiopia Region,Dawro Zone,,2020,total_population,114516
Federal Ministry Of Health,South West Ethiopia Region,Dawro Zone,,2021,total_population,114516
Federal Ministry Of Health,South West Ethiopia Region,Dawro Zone,,2022,total_population,114516
Federal Ministry Of Health,South West Ethiopia Region,Dawro Zone,,2023,total_population,114516
Federal Ministry Of Health,South West Ethiopia Region,Dawro Zone,,2024,total_population,114516
Federal Ministry Of Health,South West Ethiopia Region,Kaffa Zone,,2020,total_population,176810
Federal Ministry Of Health,South West Ethiopia Region,Kaffa Zone,,2021,total_population,176810
Federal Ministry Of Health,South West Ethiopia Region,Kaffa Zone,,2022,total_population,176810
Federal Ministry Of Health,South West Ethiopia Region,Kaffa Zone,,2023,total_population,176810
Federal Ministry Of Health,South West Ethiopia Region,Kaffa Zone,,2024,total_population,176810
Federal Ministry Of Health,South West Ethiopia Region,Konta Zone,,2020,total_population,173069
Federal Ministry Of Health,South West Ethiopia Region,Konta Zone,,2021,total_population,173069
Federal Ministry Of Health,South West Ethiopia Region,Konta Zone,,2022,total_population,173069
Federal Ministry Of Health,South West Ethiopia Region,Konta Zone,,2023,total_population,173069
Federal Ministry Of Health,South West Ethiopia Region,Konta Zone,,2024,total_population,173069
Federal Ministry Of Health,South West Ethiopia Region,Sheka Zone,,2020,total_population,419202
Federal Ministry Of Health,South West Ethiopia Region,Sheka Zone,,2021,total_population,419202
Federal Ministry Of Health,South West Ethiopia Region,Sheka Zone,,2022,total_population,419202
Federal Ministry Of Health,South West Ethiopia Region,Sheka Zone,,2023,total_population,419202
Federal Ministry Of Health,South West Ethiopia Region,Sheka Zone,,2024,total_population,419202
Federal Ministry Of Health,South West Ethiopia Region,West Omo Zone,,2020,total_population,169788
Federal Ministry Of Health,South West Ethiopia Region,West Omo Zone,,2021,total_population,169788
Federal Ministry Of Health,South West Ethiopia Region,West Omo Zone,,2022,total_population,169788
Federal Ministry Of Health,South West Ethiopia Region,West Omo Zone,,2023,total_population,169788
Federal Ministry Of Health,South West Ethiopia Region,West Omo Zone,,2024,total_population,169788
Federal Ministry Of Health,Tigray Region,Central Zone,,2020,total_population,283480
Federal Ministry Of Health,Tigray Region,Central Zone,,2021,total_population,283480
Federal Ministry Of Health,Tigray Region,Central Zone,,2022,total_population,283480
Federal Ministry Of Health,Tigray Region,Central Zone,,2023,total_population,283480
Federal Ministry Of Health,Tigray Region,Central Zone,,2024,total_population,283480
Federal Ministry Of Health,Tigray Region,Eastern Zone,,2020,total_population,497527
Federal Ministry Of Health,Tigray Region,Eastern Zone,,2021,total_population,497527
Federal Ministry Of Health,Tigray Region,Eastern Zone,,2022,total_population,497527
Federal Ministry Of Health,Tigray Region,Eastern Zone,,2023,total_population,497527
Federal Ministry Of Health,Tigray Region,Eastern Zone,,2024,total_population,497527
Federal Ministry Of Health,Tigray Region,Mekelle Zone,,2020,total_population,495135
Federal Ministry Of Health,Tigray Region,Mekelle Zone,,2021,total_population,495135
Federal Ministry Of Health,Tigray Region,Mekelle Zone,,2022,total_population,495135
Federal Ministry Of Health,Tigray Region,Mekelle Zone,,2023,total_population,495135
Federal Ministry Of Health,Tigray Region,Mekelle Zone,,2024,total_population,495135
Federal Ministry Of Health,Tigray Region,North Western Zone,,2020,total_population,285152
Federal Ministry Of Health,Tigray Region,North Western Zone,,2021,total_population,285152
Federal Ministry Of Health,Tigray Region,North Western Zone,,2022,total_population,285152
Federal Ministry Of Health,Tigray Region,North Western Zone,,2023,total_population,285152
Federal Ministry Of Health,Tigray Region,North Western Zone,,2024,total_population,285152
Federal Ministry Of Health,Tigray Region,South Eastern Zone,,2020,total_population,414186
Federal Ministry Of Health,Tigray Region,South Eastern Zone,,2021,total_population,414186
Federal Ministry Of Health,Tigray Region,South Eastern Zone,,2022,total_population,414186
Federal Ministry Of Health,Tigray Region,South Eastern Zone,,2023,total_population,414186
Federal Ministry Of Health,Tigray Region,South Eastern Zone,,2024,total_population,414186
Federal Ministry Of Health,Tigray Region,Southern Zone,,2020,total_population,298258
Federal Ministry Of Health,Tigray Region,Southern Zone,,2021,total_population,298258
Federal Ministry Of Health,Tigray Region,Southern Zone,,2022,total_population,298258
Federal Ministry Of Health,Tigray Region,Southern Zone,,2023,total_population,298258
Federal Ministry Of Health,Tigray Region,Southern Zone,,2024,total_population,298258
Federal Ministry Of Health,Tigray Region,Western Zone,,2020,total_population,486645
Federal Ministry Of Health,Tigray Region,Western Zone,,2021,total_population,486645
Federal Ministry Of Health,Tigray Region,Western Zone,,2022,total_population,486645
Federal Ministry Of Health,Tigray Region,Western Zone,,2023,total_population,486645
Federal Ministry Of Health,Tigray Region,Western Zone,,2024,total_population,486645
